"Name","Comment","(view source)"
"chloelassen","â¤ï¸","view comment"
"cristina_fran25","â¤ï¸ğŸ”¥ğŸ˜®ğŸ˜¢â¤ï¸","view comment"
"saramcoser","ğŸ˜ğŸ˜ğŸ˜ğŸ˜ğŸ˜ğŸ˜","view comment"
"ex.why.__.zed","Los amoğŸ˜ğŸ˜","view comment"
"_mairamaiaa","ğŸ¤","view comment"
"jette.geesing","ğŸ˜ğŸ˜","view comment"
"rodrigorojasjr","ğŸ˜ğŸ˜","view comment"
"giuze24","â¤ï¸","view comment"
"fedemorenop","â™¥ï¸â™¥ï¸â™¥ï¸â™¥ï¸","view comment"
"emilianocmagana","awwwww ;)","view comment"
"heitor.timossi","â¤ï¸","view comment"
"alessvndre","â¤ï¸â¤ï¸â¤ï¸â¤ï¸â¤ï¸â¤ï¸â¤ï¸â¤ï¸","view comment"
"axa.nz__","i just listened itâ€™s amazing","view comment"
"maiifonte","Ok, I'm crying...","view comment"
"djponttes","âœ¨ğŸ¼âœ¨","view comment"
"lurossi._","Los amo","view comment"
"19_eddy_98","ğŸ˜ğŸ˜ğŸ˜ğŸ˜ğŸ˜ğŸ˜","view comment"
"leith.1piece","ğŸ‘","view comment"
"juliacrosslandart","A beautiful song â¤ï¸â¤ï¸â¤ï¸","view comment"
"dimaskhrf","ğŸ˜­â¤ï¸","view comment"
"cantor03","â¤ï¸ğŸ˜","view comment"
"kevolp","What a celestial gift!!! â¤ï¸â¤ï¸","view comment"
"imagine_suman","We r lucky to witness this â¤ï¸ğŸ™Œ","view comment"
"freek.streefkerk","HERMOSA CANCIÃ“N â¤ï¸","view comment"
"lauren_davis99","Iâ€™m not crying, youâ€™re crying ğŸ¥¹","view comment"
"theoldboybarber","It's unbelievable ğŸ”¥ğŸ”¥ğŸ”¥","view comment"
"alghifaryhafizz","legend.","view comment"
"lulul683","HERMOSA CANCIÃ“N â¤ï¸","view comment"
"lisaghanime","â™¥ï¸â™¥ï¸â™¥ï¸â™¥ï¸ makes my heart happy","view comment"
"marisafteixeiraf","â¤ï¸â¤ï¸â¤ï¸â¤ï¸","view comment"
"khoirunnisa.da","â¤ï¸","view comment"
"danixx_souza","ğŸ˜ğŸ˜ğŸ˜ğŸ˜ğŸ˜ğŸ˜","view comment"
"jessica_cosi","ğŸ˜â¤ï¸","view comment"
"mitchjohn117","50 years from now weâ€™ll be telling our grandkids about this â¤ï¸","view comment"
"klefour","Great","view comment"
"thisisljh","HERMOSA CANCIÃ“N â¤ï¸","view comment"
"luu.esnaola","â¤ï¸ğŸ”¥","view comment"
"emmadraws_beatles","Love it ğŸ¥ºğŸ¤","view comment"
"tree.angle","this is a reupload","view comment"
"eddieismyway","ğŸ¥ºâ¤â¤â¤â™¾ Straight to my heart.Proud to love this band.","view comment"
"enzo__2288","John ğŸ¥²â¤ï¸","view comment"
"coldaic","im listening the beatles because of you, grandpa.. miss uğŸ˜­ğŸ˜­ğŸ˜­ğŸ˜­ğŸ˜­","view comment"
"lehorrorvey","ğŸ¥¹ğŸ¥¹ğŸ¥¹ğŸ¥¹ğŸ¥¹","view comment"
"caiomontesss","ğŸ¤ğŸ¤ğŸ¤ğŸ¤ğŸ¤ğŸ¤ğŸ¤","view comment"
"richierich.d","We were all here when the Beatles released their final song.","view comment"
"putu_adhamx","No puedo con tanta felicidad â¤â€ğŸ©¹","view comment"
"_.pappe_","it canâ€™t be explained","view comment"
"jovianfraaije","ğŸ˜­ğŸ˜­ğŸ˜­ğŸ˜­ğŸ˜­ğŸ˜­ğŸ˜­â¤ï¸â¤ï¸â¤ï¸â¤ï¸â¤ï¸","view comment"
"dopepigeonboi","ğŸ˜ğŸ˜ğŸ˜ğŸ˜ğŸ˜ğŸ˜","view comment"
"myheadpirouette","ğŸ†ğŸ†ğŸ†ğŸ†ğŸ†ğŸ†ğŸ†ğŸ†ğŸ†ğŸ†ğŸ†","view comment"
"gdominty","I LOVE YOU","view comment"
"let_it_been","We miss you Lennon ğŸ˜¢","view comment"
"cenismo","Beautiful ğŸ¤ğŸ¤ğŸ¤ğŸ¤","view comment"
"dianama0120","ğŸ¥¹ğŸ¤ Beautiful","view comment"
"farrazzw_","Los amo!! â™¥ï¸","view comment"
"ibhaarrr_con._.h","EstÃ¡ pequeÃ±a parte de mi vida se llama felicidad â¤ï¸","view comment"
"ronnie_poet","Emocionante e histÃ³rico ğŸ¥ºâ¤ï¸. ImpossÃ­vel nÃ£o se emocionar com esse trabalho, ao ouvir a voz de John Lennon junto a de seus companheiros. Obrigado a cada um desses 4 rapazes, John, Paul, George e Ringo, que transformaram a histÃ³ria da mÃºsica e inspiraram e inspiram milhÃµes de pessoas atÃ© hoje. Definitivamente, The Beatles Ã© a maior banda de todos os tempos â¤ï¸ğŸ¸.","view comment"
"drunkenmarshall","â¤ï¸","view comment"
"juwenderroschs","No puedo con tanta felicidad â¤â€ğŸ©¹","view comment"
"chaalicious","Goosebumps ğŸ˜ğŸ˜","view comment"
"katyfreitaas","So many feelings â™¥ï¸â™¥ï¸â™¥ï¸â™¥ï¸ğŸ˜­ğŸ¥¹âœ¨ğŸ™ğŸ½","view comment"
"topleees","ğŸ˜ğŸ˜ğŸ˜","view comment"
"gastonmogni","Wow great work!!! Love the song!!!","view comment"
"millenacbrito","Maravilha!ğŸ‘ğŸ¼","view comment"
"ruan_silva.09","How lucky was I to have those man in my lifeâ¤ï¸","view comment"
"clarimendes","It's such a beautiful song, I loved sooo much! â¤ï¸","view comment"
"beasouzz","ğŸ§¡ğŸ§¡ğŸ§¡ğŸ§¡","view comment"
"27anavaleria","â¤ï¸","view comment"
"l.a.r.i.s.s.a_._","â¤ï¸","view comment"
"radiolark","Hauntingly beautiful ğŸ¥¹â¤ï¸","view comment"
"kingcamdenthegreat","So this is how it feels to witness a release of of a new Beatles song. Iâ€™m freaking crying tears of joy!!! LONG LIVE THE BEATLES","view comment"
"luisarmando1971","It's amazing, beautifull. Only The Beatles. âœŒï¸ğŸ˜ğŸ¶â˜®ï¸ğŸ‡¨ğŸ‡·","view comment"
"riffstock","Forever grateful, long live The Beatles â™¥ï¸","view comment"
"arlenram","No puedo con tanta felicidad â¤â€ğŸ©¹","view comment"
"jeanarriet","â¤ï¸","view comment"
"paulozoccali","Piel de gallina... ğŸ™Œ EmociÃ³n pura!!","view comment"
"wxllxa.th04","â¤ï¸ The Beatles forever","view comment"
"tonimaini","No puedo con tanta felicidad â¤â€ğŸ©¹","view comment"
"cobain_nomano","The Best Band Of All Time â¤ï¸","view comment"
"marivermar","how can one even prepare for that","view comment"
"rtslq","La mejor banda de la historia â¤ï¸","view comment"
"clarimendes","My Beatles is alive ğŸ¥¹ğŸ¥¹ğŸ¥¹","view comment"
"rafaelslima.adv","Eu estou vivendo esse momento na histÃ³ria da mÃºsica!!! ğŸ˜ğŸ˜­","view comment"
"frandpaz","La mejor banda de la historia â¤ï¸","view comment"
"joseayalalara","ğŸ˜ğŸ˜ğŸ˜ğŸ˜ğŸ˜ğŸ˜","view comment"
"dyahamiroh","â¤ï¸","view comment"
"dopepigeonboi","ğŸ˜ğŸ˜ğŸ˜ğŸ˜ğŸ˜ğŸ˜","view comment"
"godinhoju_","â¤ï¸â¤ï¸â¤ï¸â¤ï¸â¤ï¸","view comment"
"moonlikejuju","Que privilÃ©gio poder presenciar esse momento","view comment"
"richie2211fox","ğŸ˜ğŸ˜ğŸ˜ğŸ˜ğŸ˜ğŸ˜","view comment"
"mario_floresn","ğŸ˜ğŸ˜ğŸ˜ğŸ˜ğŸ˜ğŸ˜","view comment"
"alekbeatle","â¤ï¸â¤ï¸â¤ï¸â¤ï¸â¤ï¸â¤ï¸â¤ï¸â¤ï¸â¤ï¸â¤ï¸","view comment"
"babybeatlebug","ğŸ¥¹ğŸ’™ğŸ«¶ğŸğŸ¤","view comment"
"mikethecoolkid","Just listen to it itâ€™s amazing I loved it â¤ï¸","view comment"
"pelusita004","Es simplemente hermoso <3 valiÃ³ la pena esperar, muchas gracias por este regalo The Beatles","view comment"
"wahyyyu.w","â¤ï¸â¤ï¸â¤ï¸ğŸ”¥ğŸ‘","view comment"
"melinotts","Brillante ğŸ‘ğŸ»ğŸ‘ğŸ»ğŸ‘ğŸ»ğŸ‘ğŸ»ğŸ‘ğŸ»ğŸ‘ğŸ»ğŸ‘ğŸ»ğŸ‘ğŸ»","view comment"
"patymorselubbe","â¤ï¸â¤ï¸â¤ï¸â¤ï¸â¤ï¸â¤ï¸â¤ï¸","view comment"
"sapobagree","Que placer ser partÃ­cipe de escuchar un nuevo lanzamiento de esta banda que significa tanto para mi","view comment"
"lara._.almeidaa","Perfectttt ğŸ˜","view comment"
"tea4nis","I'm crying rnğŸ˜­ğŸ’–ğŸ’–","view comment"
"aqshelrevinzky","â¤ï¸â¤ï¸â¤ï¸â¤ï¸","view comment"
"rodri.villalbaa","ğŸ‘â¤ï¸","view comment"
"danielsaxx","Grazie â¤ï¸","view comment"
"pelusita004","ğŸ˜­ <3","view comment"
"andrea.pianooo","ğŸ¥¹ğŸ¥¹ğŸ¥¹ğŸ¥¹","view comment"
"francomedinaasecas","BellÃ­sima, muy emotiva y de un valor histÃ³rico incalculable. Los Beatles son infinitos como nuestro agradecimiento por su existencia.","view comment"
"southern.blossom.flowers","I love ğŸ’— thank you for doing this for your true fans.","view comment"
"fefakritikos","ğŸ’™ ğŸ™ğŸ’™","view comment"
"felippe_torres_","Muito obrigado Beatles por terem existido, I miss you ğŸ¥ºâ™¥ï¸","view comment"
"helloisaaferreira","ğŸ˜ğŸ˜ğŸ˜","view comment"
"leedenmoon","Thanks for everything lads â¤ï¸ğŸ¤˜ğŸ»","view comment"
"javi_bowie","LOS AMOOOOOOOOOO","view comment"
"laminelli7","â¤ï¸","view comment"
"adrybsso","I couldnâ€™t sleep just waiting for this track and I love it so much ğŸ¥²ğŸ¥²ğŸ¥²ğŸ¥²","view comment"
"lagrimas_deaangeles","Pedazo de canciÃ³n ğŸ¤","view comment"
"andy_915_","ğŸ¥²ğŸ¥¹ğŸ‘ğŸ‘ğŸ‘ğŸ‘","view comment"
"marten.melin","â¤ï¸â¤ï¸â¤ï¸â¤ï¸","view comment"
"dii.ann._","La mejor banda de la historia â¤ï¸","view comment"
"jadeecos","incredible ğŸ¥¹ğŸ˜­ğŸ˜­ thank you ğŸ¥°ğŸ¤","view comment"
"celestiavesper","Wow","view comment"
"cocatomei","ğŸ˜ğŸ˜â™¥ï¸","view comment"
"doagarciaro","Thank you, guys. For this song. For everything. Thank you. For hell of a ride. Sincerely.","view comment"
"25_nicolee","I'm crying..","view comment"
"puricapri","ğŸ™ŒğŸ™ŒğŸ™ŒğŸ’¯ğŸ’¯","view comment"
"_derekosburn","Great work as always, lads","view comment"
"guido_tamborini","OMG OMG OMG ğŸ§¡","view comment"
"paulette_pil_","ğŸ˜","view comment"
"johnrmcgarry","So long, lads. Thanks for it all.","view comment"
"lucio_retroworld","Thank you gentleman! ğŸ‘âœ¨ï¸â¤ï¸","view comment"
"coutinhovinne","Eternos â¤","view comment"
"whp517","I don't wanna lose you. Oh no, no, no. Lose you or abuse you. Oh no, no, no. But if you have to go away. If you have to go...","view comment"
"johnlennonteamo","âœ¨ğŸ’šğŸ©µğŸ’œâ¤ï¸âœ¨","view comment"
"thitaniic","ğŸ’šâ¤ï¸ğŸ©·ğŸ©µ","view comment"
"joshwithka","I adore this. Itâ€™s so cool that I could be here for a Beatles release. Unreal.","view comment"
"aquiminzaque","ğŸ˜¢ğŸ˜¢ğŸ˜¢","view comment"
"brunostarring","ğŸ˜ğŸ˜ğŸ˜ğŸ˜ğŸ˜ğŸ˜","view comment"
"mlhurst6","Wow - Iâ€™m speechless. This is perfection. Thank you ever so much, @thebeatles. ğŸ–¤","view comment"
"thepresidentmax","DIOS ğŸ¥²ğŸ¥²ğŸ¥² GRACIAS","view comment"
"ipadkid.always","ğŸ˜ğŸ˜ğŸ˜ğŸ˜ğŸ˜ğŸ˜","view comment"
"_gregorioaguilar","â¤ï¸","view comment"
"ale_dimauro","â¤ï¸","view comment"
"brunostarring","ğŸ˜ğŸ˜ğŸ˜ğŸ˜ğŸ˜ğŸ˜","view comment"
"thyrsomarechal","Wonderful! ğŸ¥°","view comment"
"adistyymhrn","ğŸ©·ğŸ©·ğŸ©·ğŸ©·","view comment"
"rodrigoarteaga690","Love you forever, Beatles â¤ï¸","view comment"
"kong974","The best band â¤ï¸ğŸ”¥","view comment"
"kevingautama","They forgot to put â€œI donâ€™t want to lose youâ€ part?","view comment"
"zanc0ke","ğŸ¥¹ğŸ’œ","view comment"
"beta_az3v3do","Love it so much! It's an honor to be alive and know that the Beatles continue to make history â¤ï¸ğŸµâ¤ï¸","view comment"
"ingridsalomefreire","â¤ï¸â¤ï¸â¤ï¸â¤ï¸â¤ï¸â¤ï¸â¤ï¸","view comment"
"chiqifabrianti","â¤ï¸â¤ï¸â¤ï¸â¤ï¸â¤ï¸","view comment"
"stella_perugi","â¤ï¸","view comment"
"valter.aragaojunior","â¤ï¸ğŸ‘ğŸ‘ğŸ‘ğŸ‘ Sensacional, Beatles Forever ğŸ‡§ğŸ‡·ğŸ¸","view comment"
"darwingalapago","El solo con slide de Paul homenajeando a George es maravilloso","view comment"
"southern.blossom.flowers","I miss you ğŸ¥°","view comment"
"cristinabessa12","ğŸ¥ºâ¤","view comment"
"simona_canino","Vi amo","view comment"
"xcrisx_edge","â¤ï¸â¤ï¸â¤ï¸â¤ï¸â¤ï¸â¤ï¸â¤ï¸â¤ï¸â¤ï¸â¤ï¸â¤ï¸","view comment"
"serjjx","eu vivi pra isso","view comment"
"nicovdiaz","ğŸ˜ğŸ˜ğŸ˜ğŸ˜ğŸ˜ğŸ˜","view comment"
"entreedessens","â¤ï¸â¤ï¸â¤ï¸Wonderful Song !!!! ğŸ‘ğŸ”¥ğŸ˜â¤ï¸","view comment"
"greicelhair","â¤ï¸","view comment"
"mateus.ed","La mejor banda de la historia â¤ï¸","view comment"
"ninamathe","ğŸ˜¢â¤ï¸","view comment"
"sahumz","â¤ï¸â¤ï¸â¤ï¸","view comment"
"allenrahadian","â¤ï¸â¤ï¸","view comment"
"diblo71","Wonderful","view comment"
"sykessny_","ğŸ¥¹ğŸ¥¹ğŸ¥¹ BASTA ME ENCANTAAA","view comment"
"felipe.caldass","ğŸ‘","view comment"
"vtoriaperez","GRACIAS POR ESTE REGALO","view comment"
"oskylacomba","â¤ï¸ğŸ™ŒğŸ½","view comment"
"edelipaulino","â¤ï¸â¤ï¸â¤ï¸â¤ï¸","view comment"
"hamaruus","QUE HORA PRA ESTAR VIVO!!!","view comment"
"cielosantosp","ğŸ˜¢ğŸ˜â¤ï¸ğŸ™Œ","view comment"
"danielaparis_","ğŸ¥¹â¤ï¸â¤ï¸â¤ï¸â¤ï¸","view comment"
"dewamhswara","ğŸ˜­â¤ï¸","view comment"
"matsem85","Los amo","view comment"
"leonardomedinaok","I love it, the demo was way too sad.","view comment"
"diego_tangorockr","Beautiful song for this TimeğŸ¶ğŸ¶ğŸ¶, great work boysğŸ‘ğŸ¼ğŸ‘ğŸ¼ğŸ‘ğŸ¼ğŸ‘ğŸ¼ Thanks ğŸ™ğŸ¼","view comment"
"ire_rouge","What a gift!!! Thank you â¤ï¸","view comment"
"themusicalboxrecordshop","â¤ï¸","view comment"
"andrew_s32","ğŸ˜ğŸ˜ğŸ˜ğŸ˜ğŸ˜ğŸ˜","view comment"
"zielinskialexzander","ğŸ”¥â¤ï¸","view comment"
"mabelcitacc","ğŸ˜¢ğŸ˜¯ğŸ¥ºğŸ¥¹ğŸ¥¹ğŸ¥¹ğŸ¥¹ğŸ˜ I'm crying!","view comment"
"manu_pontes81","De: John, Para: Paul ğŸ˜¢","view comment"
"soyfernandorojo","Que hermosa ğŸ¥¹","view comment"
"miliarr","Que momento para estar vivo!! ğŸ¤©ğŸ¤©ğŸ¤©ğŸ¤©ğŸ¤©","view comment"
"helenecazaux","ğŸ™Œâ¤ï¸","view comment"
"geo._.77","Love it â¤ï¸","view comment"
"izaelbernardesneto","Best band of all time! â¤ï¸","view comment"
"yittha4","ğŸ¥¹ğŸ¥²ğŸ˜­ğŸ¤ğŸ«¶ğŸ»","view comment"
"ribeirodebora_","ğŸ’›","view comment"
"bomkrungg","Thanks God. I'm still alive ğŸ¥¹","view comment"
"mairafortini","Beautiful! ğŸ¥¹ğŸ‘ğŸ»ğŸ‘ğŸ»ğŸ‘ğŸ»","view comment"
"masyalalhafiz_","thankyou so muchhh","view comment"
"riley_28737","Amazing song! Iâ€™m glad weâ€™re all here to experience their last song.","view comment"
"marisol_farroni","Beautiful â¤ï¸â¤ï¸â¤ï¸ Thanks!!!","view comment"
"rion_pereira","yes lads","view comment"
"sampb26","â¤ï¸â¤ï¸â¤ï¸â¤ï¸","view comment"
"caseytherenascence","ğŸ”¥ğŸ”¥ğŸ”¥","view comment"
"celinacb","ğŸ¥¹ğŸ¥¹ğŸ¥¹ğŸ¥¹ğŸ¥¹â¤ï¸â¤ï¸","view comment"
"_cneves_","ğŸ˜­ğŸ˜­ğŸ’™","view comment"
"gaiamocci_","â™¾ï¸â¤ï¸","view comment"
"may.a.movie","Los amoâ¤ï¸","view comment"
"bpontes_","La mejor banda de la historia â¤ï¸","view comment"
"kusumalistya","I traveled 5,946 km from Jakarta to Sydney just for Paul's Got Back concert last week â€” witnessing him sing with a virtual John on screen was deeply moving. And now this... I'm literally in tears.","view comment"
"cassi.jones","ğŸ¤ğŸ¤ğŸ¤ğŸ¤ğŸ¤","view comment"
"cate.marz","Piango ğŸ¥¹","view comment"
"ivanpussumato","Beautiful! Thanks Beatles!!!","view comment"
"l.dggnn","ME DUELE EL CORAZONCITO","view comment"
"mafe.salamanca.18","I â¤ï¸ The Beatles .","view comment"
"deodain","It's good to be back â¤ï¸â¤ï¸","view comment"
"leo__ztsr._","Que serÃ­a de mi vida sin The Beatles los amo (llora)","view comment"
"yisusnirou","â¤ï¸","view comment"
"mr.ricardomunoz","Thank you ğŸ™ğŸ¼","view comment"
"06_w_i_o_n_06","ğŸ˜ğŸ˜ğŸ˜ğŸ˜ğŸ˜ğŸ˜","view comment"
"ivancastiart","Me puse a llorar","view comment"
"kresnoamrt","ğŸ˜¢","view comment"
"stengahbulan","ğŸ™ŒğŸ˜¢","view comment"
"officialrichiegoss","Well done lads. You definitely passed the audition â¤ï¸","view comment"
"thebeethovennotebook","Hearing this made me cry. This is simple, brilliant and beautiful. Just like the Beatles has always been and always will be.â¤ï¸","view comment"
"sidney.sarriabarbosa","â¤ï¸ğŸ‘ğŸ‘â¤ï¸â¤ï¸","view comment"
"gianluigiesposito__","Born in 2002, Iâ€™m here listening to a new Beatles song. WHAT A TIME THIS IS. Blessed to live it. Thank you. Love you. â¤ï¸","view comment"
"sol.medina","los amo ğŸ˜­","view comment"
"the.autistic.aesthete","My father witnessed the world premiere of Sgt. Pepper on the radio and he tells me this story all the time. 50 years from now Iâ€™ll tell my kids the story of witnessing the world premiere of the last Beatles song ever on the radio. Hereâ€™s to the Fab Four, forever may they reign as the greatest band of all time. Peace and love to John, Paul, George, and Ringo ğŸ’šğŸ’™ğŸ§¡ğŸ©·","view comment"
"trentgeese","Letâ€™s gooooo","view comment"
"danteelephante","What about the â€œI donâ€™t want to lose you oh no no noâ€ bit. That was the best part of the demo!","view comment"
"jorgetr_27","â¤ï¸ siempre The Beatles â¤ï¸","view comment"
"sol.medina","los amo ğŸ˜­","view comment"
"juliazappamusica","Los amo mucho demasiado â¤ï¸ğŸ¥¹","view comment"
"ccarol_cl","â¤ï¸â¤ï¸â¤ï¸â¤ï¸","view comment"
"eva_stout","Amazing â¤ï¸â¤ï¸â¤ï¸","view comment"
"munozrios","â¤ï¸â¤ï¸","view comment"
"tali_som.riam","When the iconic Beatle harmonies kicked in I cried instantly","view comment"
"_art_by_lizard_","Loves","view comment"
"felipe.oliveira84","It's amazing!!!!! Long live for The Beatles!!!!","view comment"
"matheusfreitado","So lovely â¤ï¸","view comment"
"rik1317122","ğŸ”¥","view comment"
"valecillosnorka","â¤ï¸","view comment"
"l_c.h.a.r.l.i.e_l","I can finally say I listen to today's music","view comment"
"officialnaurah","LegendğŸ¥¹ğŸ«¶ğŸ»","view comment"
"sabrolia","ğŸ¤©ğŸ¥°","view comment"
"rheza_ak","GREATEST BAND OF ALL TIME ğŸ”¥","view comment"
"andrenoise_","I can't put into words how exciting it is to hear a new Beatles song in 2023. Thanks for this! John lives forever! âœŒï¸â¤ï¸ğŸ¥²","view comment"
"dian_ervian","â¤ï¸","view comment"
"romalsawma3","â™¡â™¡â™¡","view comment"
"tuvesovnisband","ğŸ™Œ Love it!","view comment"
"umraansyed","Amazing","view comment"
"nico_srkd","Thanks Beatles for change my life â¤ï¸","view comment"
"gianvito91","â¤ï¸","view comment"
"girlinchair","forever <3","view comment"
"tomasariascastillo","Beatles always win!!!","view comment"
"bastian_ilustrador","â¤ï¸ğŸ”¥","view comment"
"silviaprodrigues","â¤ï¸ğŸ™Œ","view comment"
"gustabocef","Es mÃºsica ğŸš¬","view comment"
"mattiasfreire","Gracias por este Ãºltimo regalo al mundo!","view comment"
"joaquinponssa","Tears of joy â¤ï¸","view comment"
"vale.ciotti","LES AMO ğŸ˜­ğŸ˜­ğŸ˜­ğŸ˜­ğŸ˜­","view comment"
"fogy__7","Eu vivi pra ver os beatles lanÃ§arem uma mÃºsica","view comment"
"ziiiuuuz","â¤ï¸","view comment"
"mauricioberrioss","HISTORIA DE LA MÃšSICA ACONTECIENDO ANTE NUESTROS OJOS","view comment"
"giuseppedefra_","Thank you Universe for giving us the Beatles","view comment"
"cameronpspencer","ğŸ˜ğŸ˜ğŸ˜ğŸ˜ğŸ˜ğŸ˜","view comment"
"lauuragalvvan","ğŸ˜¢ we miss you","view comment"
"mateos__lima","ğŸ˜ğŸ˜ğŸ˜","view comment"
"solarjones9000","John lives forever â¤ï¸","view comment"
"marciaacedo","ğŸ™Œâ¤ï¸","view comment"
"mechecruzs","ğŸ™ŒğŸ™ŒğŸ™ŒğŸ™Œ","view comment"
"massimilianocerra","Chills â¤ï¸ ğŸ¥º","view comment"
"utk_raj.21","History is being made. We get to witness The Beatles canon officially close. Thank you John, Paul, George, and Ringo.","view comment"
"adriano.romagnolo","â™¥ï¸","view comment"
"laachusita","âœ¨âœ¨âœ¨âœ¨ğŸ¥¹ğŸ¥¹ğŸ¥¹ğŸ‘","view comment"
"ferlayane_","MÃºsica perfeita","view comment"
"javieririarterj","La historia de la mÃºsica no se puede escribir sin los beatles, simplemente gracias","view comment"
"zhvzholeitor_","MASTERPIECE","view comment"
"chiara_di_parma","ğŸ”¥ğŸ”¥ğŸ”¥","view comment"
"xico_mendes","Thank u guys!","view comment"
"aldo.chinchay98","Lennon's style is present ğŸ«¶ğŸ¼âœ¨","view comment"
"natty.eidt","Que felicidade viver esse momento histÃ³rico!!!!â¤ï¸","view comment"
"yuriangel_","ğŸ¥²ğŸ¥²ğŸ¥²","view comment"
"enrico_alcantara","â¤ï¸ğŸ¤˜","view comment"
"lucasbasolestido","Amazing feeling to be born still on time to a Beatles release â¤ï¸","view comment"
"veromaldonado007","â¤ï¸â¤ï¸â¤ï¸","view comment"
"andrecananea","just great,  just great. thank you","view comment"
"nabilahrdz","ğŸ˜ğŸ˜ğŸ˜","view comment"
"viktorfarias","ğŸ˜­ beatles, 4ever","view comment"
"anthjenk","Still the Stones keep putting out new stuff and canâ€™t match the brilliance of something 50+ years that the Beatles dusted off!","view comment"
"lunajuan90","Beautiful song ğŸ˜ğŸ”¥â¤ï¸","view comment"
"rob_petitti","Spotify","view comment"
"walterinfinito","â¤ï¸ğŸ¶â™¾ï¸ğŸ‘¼","view comment"
"mariabetaniamed","ğŸ¥ºğŸ¤âœŒğŸ» Itâ€™s brilliant. Incredible hearing a new song with Johnâ€™s voice.","view comment"
"jaime_saenz","The magic will be here forever. Thanks for sharing with us THE SOUND OF MUSIC. ğŸ™ğŸ½ğŸ™ğŸ½ğŸ™ğŸ½ğŸ™ğŸ½ Love from ğŸ‡²ğŸ‡½","view comment"
"p1nball_wizard_","AAAAAAAAA","view comment"
"llleandromoreira","Te amo pra sempre â¤ï¸","view comment"
"mathdaniels","â¤ï¸ğŸ˜¢","view comment"
"phlozen","ğŸ‘ğŸ‘ğŸ‘ğŸ‘ğŸ‘","view comment"
"rob_petitti","Itâ€™s really good.","view comment"
"esterhtbarat","ğŸ”¥ğŸ”¥ğŸ”¥","view comment"
"newmangraphics1","Pure emotion","view comment"
"fergutifer","Que linda...","view comment"
"armandodudu","â¤ï¸â¤ï¸","view comment"
"g.gotarrdd","ğŸ”¥","view comment"
"varnapeixoto","â¤ï¸","view comment"
"argarzl","ğŸ”¥","view comment"
"luizfleitao","Perfect. Thank you for the ride.","view comment"
"mateusmsena","Muitas bandas revolucionaram a mÃºsica, mas apenas uma revolucionou o mundo! eu amo vocÃªs, obrigado. ğŸ¥¹â¤ï¸","view comment"
"purplekitty13","How incredible to be alive at the same time as these 4 musical geniuses, in this blip in time of existence. I canâ€™t believe our luck ğŸ©·ğŸ§¡ğŸ’›ğŸ’šğŸ’™ğŸ’œğŸ¼ğŸ¶ğŸ¸ğŸ¥ğŸ¤","view comment"
"yohaness1","â¤ï¸â¤ï¸â¤ï¸","view comment"
"gaboparraa","ğŸ”¥","view comment"
"agatab._","ğŸ¥ºğŸ¥ºğŸ¥ºğŸ¥ºğŸ¥º","view comment"
"ajisangadjiii","THANK YOU ğŸ˜­","view comment"
"gabinucciavila","Los amo para toda la eternidad","view comment"
"jesstreet_drawing","OMG thank you! What an emotional song! Perfect!","view comment"
"agvsyloscolores","â¤ï¸ğŸ¥²","view comment"
"lalla_1112","â¤ï¸â¤ï¸â¤ï¸â¤ï¸","view comment"
"cvalda77","Me emocionei, linda melodia, bela mÃºsica, ğŸ˜¢â¤ï¸ğŸ‘ğŸ»","view comment"
"portechpoint","â¤ï¸ chills and shivers ğŸ‘ğŸ‘","view comment"
"andresitojr._","ğŸ˜Š","view comment"
"newt_.sc4","I'm listening to them thanks to you grandpa ğŸ’—ğŸ¦†","view comment"
"antovaschetti","â¤ï¸â¤ï¸â¤ï¸â¤ï¸â¤ï¸","view comment"
"cotitu10","ğŸ˜ğŸ˜ğŸ˜ğŸ˜ğŸ˜","view comment"
"rafaeleduuu","Sim, eu vivi o lanÃ§amento da Ãºltima mÃºsica dos BEATLES, incrÃ­vel! ğŸ¥¹","view comment"
"far_beyond_horizon","The Greatest Band of All Time. Pure creativity â¤ï¸","view comment"
"jaime_saenz","@jaime_saenz Goats / Gods","view comment"
"overitreb","thank you for this â™¥ï¸ so happy to have been able to listen to a new song from my favorite band in my lifetime :)","view comment"
"rafaelcolomboteixeira","â¤ï¸","view comment"
"southofheaven1987","What a time to be alive â¤ï¸","view comment"
"pdr_frzz","ğŸ˜­ğŸ˜­ğŸ˜­","view comment"
"luli.lucerito","I'm crying... this is beautiful ğŸ¥ºğŸ¥ºğŸ¥º","view comment"
"arandaranda","Gran gran canciÃ³n, interesante como se escucha la diferencia en la voz de Jhon de 40 aÃ±os y el coro de Paul  con 80.â¤ï¸ğŸ¥¹","view comment"
"charlotte.elizabeth.rose","Itâ€™s perfect ğŸ¥¹ğŸ˜­","view comment"
"wkrpetey","My eyes areâ€¦leaking! Wishing my dad was here to share a listen ğŸ˜­","view comment"
"renee77m","Love this. Thank you.â¤ï¸â¤ï¸â¤ï¸","view comment"
"alehunseler","Beatles 4ever!! Gracias por todo!!","view comment"
"bandamacadepedra","In 21th Century, we have a luck to hear a new and ""fresh"" song. The best teachers!","view comment"
"brunoomaldonado","Love u forever","view comment"
"simo_verri","ğŸ§¡","view comment"
"marcus.vasconcelos","â¤ï¸","view comment"
"al.lado_del.camilo","ğŸ˜ğŸ˜ğŸ˜ğŸ˜ğŸ˜ğŸ˜ğŸ˜ğŸ˜","view comment"
"fifi_fotos","â¤ï¸","view comment"
"patypua","Thank you so muchâ€¦..crying hereâ€¦.what a group what a song â¤ï¸â¤ï¸â¤ï¸love forever","view comment"
"portoguese","Love this song already. Thank you!","view comment"
"tatum_kelso","Tearing up hearing those harmonies. So so beautiful ğŸ¥²","view comment"
"e11a3lisab3th","crying","view comment"
"gittemorten","â¤ï¸â¤ï¸â¤ï¸","view comment"
"pax_sac","Goosebumpsâ¤ï¸â¤ï¸â¤ï¸ğŸ”¥ğŸ”¥ğŸ”¥","view comment"
"blaster_fhuoi","Melhor mÃºsica do mundo, o Brasil estÃ¡ emocionado com esse lanÃ§amento","view comment"
"praise.alexis05","it was so beautiful ğŸ¥²","view comment"
